step,train_loss,train_acc,val_loss,val_acc,test_loss,test_acc,train_eq_acc,val_eq_acc,test_eq_acc
1000,1.1676823160437113,0.5454012888107791,1.1678600916035549,0.5445271574303833,1.1628796296221813,0.5480505216913784,0.020808162169418713,0.017185821697099892,0.023605150214592276
2000,1.1668260471082792,0.5467452358799407,1.167041270569201,0.5450785773366419,1.1631370640796073,0.5422844590884129,0.01973419250906162,0.023630504833512353,0.0203862660944206
3000,1.1690919318005755,0.544333023191702,1.1700427589384952,0.5470085470085471,1.1604158421390205,0.5540911587040088,0.021210900792052626,0.01611170784103115,0.02145922746781116
4000,1.1674588640945809,0.5451256073606947,1.1678207267043936,0.5445271574303833,1.163033231413672,0.5442064799560681,0.02134514699959726,0.02040816326530612,0.015021459227467811
5000,1.1677910954508826,0.5440573417416176,1.1667304616149279,0.5481113868210642,1.16101044891039,0.5538165842943438,0.021210900792052626,0.01611170784103115,0.02145922746781116
6000,1.1679449489917806,0.545952651710948,1.1681212789926247,0.5423214778053488,1.1617627968701736,0.5464030752333883,0.02134514699959726,0.017185821697099892,0.018240343347639486
7000,1.1670259162647547,0.5463661738860747,1.1664340616357138,0.5453542872897712,1.162641362918726,0.5395387149917628,0.020673915961874078,0.022556390977443608,0.02145922746781116
8000,1.1672475762171544,0.5454357489920397,1.1679866802340735,0.5414943479459609,1.1617247169322853,0.5469522240527183,0.020942408376963352,0.021482277121374866,0.017167381974248927
9000,1.1675225522788544,0.5458837313484269,1.167274207953155,0.5472842569616763,1.162545553476584,0.5403624382207578,0.022150624244865084,0.01611170784103115,0.0203862660944206
10000,1.1672794209665671,0.5457114304421241,1.1673872584576181,0.5516956162117452,1.1633841081479956,0.5392641405820977,0.021210900792052626,0.024704618689581095,0.019313304721030045
11000,1.1675410501230403,0.5458148109859058,1.1692852212733922,0.5412186379928315,1.1624338316563916,0.5444810543657331,0.020942408376963352,0.01933404940923738,0.019313304721030045
12000,1.167570160605141,0.5464350942485957,1.167899149391715,0.5445271574303833,1.1629578005409973,0.543931905546403,0.020271177339240165,0.023630504833512353,0.022532188841201718
13000,1.167407713577574,0.5454357489920397,1.1666136837084498,0.5481113868210642,1.1622289398880465,0.5422844590884129,0.021210900792052626,0.017185821697099892,0.023605150214592276
14000,1.16770198015807,0.544953306454392,1.1668941559855985,0.5448028673835126,1.1622558501577194,0.5499725425590335,0.02053966975432944,0.017185821697099892,0.027896995708154508
15000,1.168115301995534,0.545022226816913,1.1678409834094767,0.5409429280397022,1.1630738502933977,0.5505216913783635,0.020808162169418713,0.01611170784103115,0.02682403433476395
16000,1.1686584502628026,0.5456425100796031,1.1686898929079539,0.5431486076647367,1.1620113869278985,0.5453047775947282,0.02174788562223117,0.017185821697099892,0.017167381974248927
17000,1.1678984051893735,0.5467107756986802,1.1675716849243736,0.5448028673835126,1.164158456080697,0.5414607358594179,0.020405423546784804,0.023630504833512353,0.02145922746781116
18000,1.1681518854405264,0.5445397842792653,1.1668252327043163,0.5467328370554178,1.162200718250725,0.5466776496430533,0.020942408376963352,0.018259935553168637,0.0203862660944206
19000,1.1676787893646996,0.5455391295358214,1.1691268950347438,0.5417700578990902,1.163291214718261,0.543108182317408,0.020808162169418713,0.017185821697099892,0.0203862660944206
20000,1.1665418300117958,0.5458837313484269,1.1679536721119383,0.5456299972429005,1.1634238807137756,0.5458539264140582,0.021076654584507987,0.01933404940923738,0.018240343347639486
21000,1.1669889563321862,0.5456080498983424,1.166078839382259,0.5470085470085471,1.1624485164602532,0.5472267984623833,0.02053966975432944,0.02040816326530612,0.023605150214592276
22000,1.1667614505688555,0.5458148109859058,1.166643284160571,0.5453542872897712,1.162266693031441,0.5483250961010434,0.020808162169418713,0.018259935553168637,0.023605150214592276
23000,1.167618849229926,0.5449877666356525,1.1675341584842198,0.5453542872897712,1.1621653364622482,0.5483250961010434,0.020673915961874078,0.022556390977443608,0.0203862660944206
24000,1.1671690288675025,0.5464350942485957,1.1664648652898402,0.5453542872897712,1.1622692822493543,0.5420098846787479,0.021210900792052626,0.02040816326530612,0.023605150214592276
25000,1.1665232569752588,0.545952651710948,1.166759014524045,0.5409429280397022,1.160762185647159,0.5466776496430533,0.021076654584507987,0.01933404940923738,0.019313304721030045
26000,1.1669251737631083,0.546331713704814,1.166854479768436,0.5412186379928315,1.1625612815090223,0.543108182317408,0.021076654584507987,0.02040816326530612,0.018240343347639486
27000,1.168204099955592,0.5452289879044764,1.1687830863723354,0.5417700578990902,1.163988141683613,0.5488742449203734,0.02013693113169553,0.02040816326530612,0.02682403433476395
28000,1.1676224011483283,0.5445397842792653,1.1661442750605269,0.5467328370554178,1.1611931270324942,0.5466776496430533,0.020942408376963352,0.018259935553168637,0.0203862660944206
29000,1.1665143437896426,0.5465040146111169,1.1658988597145217,0.5453542872897712,1.1614095320222406,0.5436573311367381,0.022016378037320445,0.02900107411385607,0.022532188841201718
30000,1.167606048652341,0.5456769702608636,1.1669080012226551,0.5492142266335814,1.1636862087092643,0.5458539264140582,0.021076654584507987,0.01933404940923738,0.0203862660944206
31000,1.168144970899151,0.5460904924359902,1.1667948203011915,0.5472842569616763,1.1645255761772377,0.5458539264140582,0.020942408376963352,0.01933404940923738,0.019313304721030045
32000,1.1676225699367528,0.5458837313484269,1.168316862423426,0.5417700578990902,1.1609259683440374,0.5510708401976936,0.02053966975432944,0.01933404940923738,0.02145922746781116
33000,1.1669558038668497,0.5456769702608636,1.166637411188547,0.5448028673835126,1.1617962220813598,0.5488742449203734,0.020405423546784804,0.017185821697099892,0.02467811158798283
34000,1.1678619253310465,0.5455391295358214,1.1678970585127064,0.5414943479459609,1.1620210818312182,0.5494233937397035,0.020673915961874078,0.01933404940923738,0.0203862660944206
35000,1.167970342447799,0.5456769702608636,1.168131863804668,0.5423214778053488,1.1638237137770928,0.5488742449203734,0.020002684924150894,0.024704618689581095,0.023605150214592276
36000,1.1674855226750516,0.5452979082669975,1.1679271091138295,0.5423214778053488,1.1628996185520597,0.5477759472817133,0.02053966975432944,0.023630504833512353,0.0203862660944206
37000,1.1676607658107283,0.5452979082669975,1.166641853780565,0.5464571271022884,1.1628866179967436,0.5491488193300385,0.020405423546784804,0.018259935553168637,0.02467811158798283
38000,1.1677755456200976,0.5460215720734691,1.1690593600634671,0.5381858285084091,1.1621027427476425,0.5444810543657331,0.02134514699959726,0.02040816326530612,0.018240343347639486
39000,1.1679952776511322,0.5445397842792653,1.1684022897657758,0.5412186379928315,1.1608514047336735,0.5502471169686985,0.020002684924150894,0.021482277121374866,0.027896995708154508
40000,1.1675687742790317,0.5454357489920397,1.1689516230000259,0.543424317617866,1.1615976148225133,0.5480505216913784,0.020405423546784804,0.023630504833512353,0.022532188841201718
41000,1.167368075114681,0.5444708639167442,1.1667596581950475,0.5489385166804521,1.1609270995557472,0.5540911587040088,0.02134514699959726,0.01611170784103115,0.0203862660944206
42000,1.1671917374833487,0.5448843860918708,1.1664649157738403,0.5448028673835126,1.16101500308494,0.5496979681493684,0.021076654584507987,0.021482277121374866,0.0203862660944206
43000,1.1673011100161983,0.5456425100796031,1.1668970756436103,0.5472842569616763,1.1626463821469788,0.5389895661724328,0.020808162169418713,0.024704618689581095,0.019313304721030045
44000,1.1679474350717518,0.546641855336159,1.1703386540777072,0.5379101185552798,1.1645081764652727,0.543108182317408,0.02013693113169553,0.01933404940923738,0.015021459227467811
45000,1.1674470759846323,0.5464695544298563,1.1668094690752515,0.543424317617866,1.1638202112104656,0.5414607358594179,0.02188213182977581,0.017185821697099892,0.02145922746781116
46000,1.1672618233273115,0.5457114304421241,1.1672500513590562,0.5470085470085471,1.1615174035329467,0.5409115870400879,0.020673915961874078,0.024704618689581095,0.018240343347639486
47000,1.1676510702040044,0.5445053240980048,1.166274645784061,0.5448028673835126,1.1623271123057601,0.5475013728720484,0.020942408376963352,0.022556390977443608,0.019313304721030045
48000,1.1673111426739506,0.5451945277232159,1.1681791294498618,0.5417700578990902,1.1603256049619672,0.5507962657880285,0.021076654584507987,0.015037593984962405,0.022532188841201718
49000,1.168662713879437,0.5448843860918708,1.1678892124576743,0.544251447477254,1.1632966361551216,0.5461285008237232,0.021076654584507987,0.017185821697099892,0.023605150214592276
50000,1.1674391576516612,0.5454702091733002,1.1666026529544045,0.5483870967741935,1.162484313026357,0.5458539264140582,0.020942408376963352,0.018259935553168637,0.019313304721030045
51000,1.1673338599658374,0.5450911471794342,1.1676634564227495,0.5456299972429005,1.1628879628817763,0.5485996705107083,0.02013693113169553,0.01933404940923738,0.02467811158798283
52000,1.1670523550521992,0.5452634480857369,1.1668343997573536,0.5483870967741935,1.1640944420669446,0.5387149917627677,0.02053966975432944,0.02577873254564984,0.016094420600858368
53000,1.1669271992242016,0.5451256073606947,1.1667376471709574,0.5456299972429005,1.16211768731123,0.5475013728720484,0.020673915961874078,0.01933404940923738,0.02145922746781116
54000,1.1672828432701823,0.5448154657293497,1.1671068703204697,0.5450785773366419,1.1631229867783306,0.5494233937397035,0.020405423546784804,0.018259935553168637,0.02467811158798283
55000,1.1680061029834945,0.5457458906233846,1.1688541552236267,0.5417700578990902,1.1625462866693588,0.5469522240527183,0.01973419250906162,0.01933404940923738,0.02575107296137339
56000,1.1675751259294154,0.5458148109859058,1.165970004291813,0.5478356768679349,1.1618751010549127,0.5422844590884129,0.02134514699959726,0.022556390977443608,0.022532188841201718
57000,1.1680518443836096,0.5455046693545608,1.1683841323537014,0.5481113868210642,1.164994924294955,0.5381658429434377,0.020673915961874078,0.024704618689581095,0.016094420600858368
58000,1.1679591758578431,0.5444364037354836,1.1680966343865238,0.5437000275709953,1.1624503180196428,0.5475013728720484,0.019331453886427707,0.018259935553168637,0.02575107296137339
59000,1.16807725598044,0.5451945277232159,1.167214110957909,0.5445271574303833,1.162253034697464,0.5527182866556837,0.020271177339240165,0.022556390977443608,0.02145922746781116
60000,1.174185347033712,0.5451945277232159,1.1772167330968797,0.5414943479459609,1.1682455197983166,0.5510708401976936,0.02053966975432944,0.018259935553168637,0.02467811158798283
61000,1.1685226531396657,0.5454702091733002,1.1669851281539712,0.5470085470085471,1.1628430747252647,0.5395387149917628,0.020405423546784804,0.021482277121374866,0.02145922746781116
62000,1.1679728471944029,0.5452979082669975,1.1686036283726005,0.5428728977116074,1.162998884474426,0.5444810543657331,0.021613639414686536,0.01611170784103115,0.017167381974248927
63000,1.1668465120474678,0.5470209173300251,1.1665010791459884,0.5483870967741935,1.1629452692290572,0.5387149917627677,0.02053966975432944,0.022556390977443608,0.018240343347639486
64000,1.1684219818867159,0.5464695544298563,1.1681201010326199,0.5483870967741935,1.1666997189969561,0.5400878638110929,0.020808162169418713,0.02685284640171858,0.019313304721030045
65000,1.1679736658971345,0.5449188462731314,1.1685385544963338,0.5395643782740557,1.1614019068173822,0.5499725425590335,0.020673915961874078,0.017185821697099892,0.02467811158798283
66000,1.166711078266391,0.5453668286295186,1.1666998767248027,0.5475599669148056,1.1618629049168125,0.5450302031850631,0.020673915961874078,0.018259935553168637,0.018240343347639486
67000,1.1674964400260255,0.5445397842792653,1.166725581494908,0.5464571271022884,1.161712671622413,0.5494233937397035,0.020673915961874078,0.02040816326530612,0.0203862660944206
68000,1.1675201124710992,0.5447810055480892,1.1679419808588904,0.5423214778053488,1.1622215576842223,0.5491488193300385,0.021479393207141897,0.01611170784103115,0.018240343347639486
69000,1.1674755460171973,0.5454702091733002,1.1672728575061497,0.5431486076647367,1.1634011014616796,0.5436573311367381,0.020942408376963352,0.02040816326530612,0.0203862660944206
70000,1.166824345289788,0.5446776250043075,1.1661179728964193,0.5483870967741935,1.1613713138251434,0.5475013728720484,0.02013693113169553,0.017185821697099892,0.02682403433476395
71000,1.1667102461552332,0.5450566869981736,1.1664943437389608,0.5450785773366419,1.1620731259492123,0.5485996705107083,0.01959994630151698,0.023630504833512353,0.022532188841201718
72000,1.166769534272417,0.5454702091733002,1.1672206107729357,0.5423214778053488,1.1613342896848509,0.5485996705107083,0.020271177339240165,0.023630504833512353,0.023605150214592276
73000,1.1677186208037662,0.5446087046417865,1.1681370973126894,0.5412186379928315,1.1618970842691387,0.5518945634266886,0.020673915961874078,0.018259935553168637,0.022532188841201718
74000,1.1673729904859949,0.5452289879044764,1.1677083577339333,0.5412186379928315,1.162314752770413,0.5502471169686985,0.019331453886427707,0.02040816326530612,0.030042918454935622
75000,1.167659928441364,0.5448499259106103,1.1672911789912246,0.5431486076647367,1.1615623461552074,0.5477759472817133,0.020002684924150894,0.023630504833512353,0.022532188841201718
76000,1.1674234445535683,0.5456425100796031,1.1687120511770446,0.5401157981803143,1.1623160096723126,0.543382756727073,0.02188213182977581,0.02040816326530612,0.017167381974248927
77000,1.168660811723283,0.5455735897170819,1.1687356356191412,0.5448028673835126,1.165086875048265,0.5403624382207578,0.02174788562223117,0.013963480128893663,0.018240343347639486
78000,1.1670828316163144,0.5452979082669975,1.16634766668336,0.5445271574303833,1.1618657790324898,0.5483250961010434,0.020942408376963352,0.021482277121374866,0.017167381974248927
79000,1.1665951466469167,0.5455391295358214,1.1669880814679832,0.5483870967741935,1.1623148952192948,0.5455793520043932,0.020808162169418713,0.01933404940923738,0.0203862660944206
80000,1.1682031887084283,0.5447465453668286,1.1685757485834862,0.5464571271022884,1.1620580012296857,0.5496979681493684,0.020673915961874078,0.02040816326530612,0.0203862660944206
81000,1.1673893429819822,0.5454012888107791,1.1670671898963072,0.5428728977116074,1.16182212263984,0.5444810543657331,0.021613639414686536,0.01611170784103115,0.017167381974248927
82000,1.1678555345070256,0.5445742444605258,1.1670323222801644,0.5448028673835126,1.1626983717992239,0.5491488193300385,0.02134514699959726,0.02040816326530612,0.02145922746781116
83000,1.1671887742211495,0.545952651710948,1.1678883584366708,0.5448028673835126,1.1632320313974764,0.5450302031850631,0.021076654584507987,0.017185821697099892,0.0203862660944206
84000,1.1667696770327198,0.544953306454392,1.1664930227409553,0.5448028673835126,1.1620894153978325,0.5502471169686985,0.02013693113169553,0.018259935553168637,0.02467811158798283
85000,1.1676979058368648,0.5458492711671663,1.1691734160409344,0.5445271574303833,1.1618353368684788,0.5466776496430533,0.020808162169418713,0.017185821697099892,0.022532188841201718
86000,1.1679191511796925,0.5452289879044764,1.1678817660676437,0.5461814171491591,1.1646699858261687,0.541735310269083,0.020271177339240165,0.018259935553168637,0.02145922746781116
87000,1.168512752199983,0.5454702091733002,1.1699948412082988,0.5439757375241246,1.1629496264889763,0.5420098846787479,0.020002684924150894,0.024704618689581095,0.02145922746781116
88000,1.1680959528477368,0.5451945277232159,1.16784180798148,0.544251447477254,1.163125228253385,0.5480505216913784,0.020271177339240165,0.017185821697099892,0.02575107296137339
89000,1.16817598721815,0.5460560322547297,1.1684985711681701,0.5450785773366419,1.1659038193863476,0.5406370126304229,0.022150624244865084,0.013963480128893663,0.018240343347639486
90000,1.167141566307278,0.5450911471794342,1.1664110577596196,0.5453542872897712,1.1611126182761446,0.5472267984623833,0.020271177339240165,0.02040816326530612,0.023605150214592276
91000,1.167207173473966,0.545022226816913,1.1664702418358621,0.5478356768679349,1.1626833685802143,0.5447556287753982,0.020942408376963352,0.018259935553168637,0.0203862660944206
92000,1.1667127580004157,0.5462283331610325,1.166377957083484,0.5428728977116074,1.16030417897425,0.5502471169686985,0.020808162169418713,0.023630504833512353,0.018240343347639486
93000,1.167183653516877,0.5458148109859058,1.1685699050604623,0.5414943479459609,1.1619230351036947,0.5466776496430533,0.020942408376963352,0.021482277121374866,0.017167381974248927
94000,1.167471481423674,0.5461249526172508,1.1678515345655198,0.544251447477254,1.1633487012214807,0.5398132894014278,0.02174788562223117,0.01611170784103115,0.017167381974248927
95000,1.1673243615418523,0.5453668286295186,1.1673856008996115,0.543424317617866,1.1635377183188325,0.5472267984623833,0.02013693113169553,0.018259935553168637,0.02682403433476395
96000,1.1680570216136006,0.5460904924359902,1.1675197284741607,0.544251447477254,1.1622769744889805,0.5411861614497528,0.021076654584507987,0.017185821697099892,0.0203862660944206
97000,1.1685827972928464,0.5454357489920397,1.1704581917761967,0.544251447477254,1.1640157600080228,0.5450302031850631,0.020808162169418713,0.02040816326530612,0.019313304721030045
98000,1.1673321652459245,0.5456769702608636,1.1666537385556137,0.5448028673835126,1.1639393110448093,0.542833607907743,0.02053966975432944,0.02577873254564984,0.018240343347639486
99000,1.167616700200983,0.545952651710948,1.1673467955314525,0.5472842569616763,1.1648889046197144,0.5400878638110929,0.020808162169418713,0.021482277121374866,0.02145922746781116
100000,1.1677089775161955,0.5466763155174196,1.1681016912005446,0.5384615384615384,1.16396232072892,0.5442064799560681,0.01959994630151698,0.018259935553168637,0.018240343347639486
101000,1.1672762715638623,0.5450566869981736,1.1673740737195641,0.5450785773366419,1.1618725704924213,0.5485996705107083,0.01959994630151698,0.023630504833512353,0.022532188841201718
102000,1.1674211556563359,0.5450566869981736,1.167374267241565,0.5423214778053488,1.1632439719655236,0.543382756727073,0.020942408376963352,0.018259935553168637,0.019313304721030045
103000,1.1670314836536582,0.5455735897170819,1.165576919038203,0.5470085470085471,1.1626040245529585,0.5466776496430533,0.021210900792052626,0.02040816326530612,0.022532188841201718
104000,1.1682103590615436,0.5457114304421241,1.1676415211246596,0.544251447477254,1.165662552877025,0.5409115870400879,0.021076654584507987,0.018259935553168637,0.0203862660944206
105000,1.1669053111514593,0.5455735897170819,1.1672889240392155,0.5448028673835126,1.1628951104639127,0.5403624382207578,0.02174788562223117,0.013963480128893663,0.018240343347639486
106000,1.167571676546037,0.5460560322547297,1.1682127349659994,0.5423214778053488,1.1632447093479716,0.5453047775947282,0.020673915961874078,0.01933404940923738,0.019313304721030045
107000,1.166305697635096,0.5454012888107791,1.1681613212187887,0.5445271574303833,1.1616460851494392,0.5461285008237232,0.021479393207141897,0.021482277121374866,0.018240343347639486
108000,1.1662531697309306,0.545332368448258,1.1671261636225487,0.5439757375241246,1.1593162708397686,0.5464030752333883,0.020405423546784804,0.017185821697099892,0.023605150214592276
109000,1.1667388026852927,0.5458148109859058,1.1674423028458436,0.5406672180865729,1.1606535348572748,0.5461285008237232,0.021076654584507987,0.01933404940923738,0.019313304721030045
110000,1.1665605045317158,0.5455046693545608,1.1656543194245201,0.5481113868210642,1.162841541304947,0.5406370126304229,0.02134514699959726,0.01611170784103115,0.022532188841201718
111000,1.1677209533441115,0.545332368448258,1.168187017574894,0.543424317617866,1.1636469179558793,0.5472267984623833,0.02053966975432944,0.01933404940923738,0.022532188841201718
112000,1.1663013877462456,0.5455046693545608,1.1665931367203655,0.5448028673835126,1.160906335536364,0.5455793520043932,0.020808162169418713,0.018259935553168637,0.02467811158798283
113000,1.1668503886601134,0.5454702091733002,1.167240202772016,0.5445271574303833,1.1620988421620804,0.5444810543657331,0.021479393207141897,0.02040816326530612,0.015021459227467811
114000,1.1672668388674567,0.5458148109859058,1.1680211776342146,0.5461814171491591,1.1633419013822033,0.542833607907743,0.020271177339240165,0.021482277121374866,0.023605150214592276
115000,1.1680585827750716,0.5448843860918708,1.1665308647061103,0.5453542872897712,1.161816722151344,0.5507962657880285,0.020808162169418713,0.022556390977443608,0.019313304721030045
116000,1.1670356607727979,0.5449877666356525,1.166922401783714,0.5448028673835126,1.1624767255285557,0.5496979681493684,0.02053966975432944,0.017185821697099892,0.027896995708154508
117000,1.1673170697241697,0.5452289879044764,1.167947786518914,0.544251447477254,1.1632748163381428,0.5477759472817133,0.021076654584507987,0.017185821697099892,0.0203862660944206
118000,1.1671443189783122,0.5455391295358214,1.1679315012218474,0.539840088227185,1.1616426957039832,0.5502471169686985,0.020942408376963352,0.017185821697099892,0.023605150214592276
119000,1.1669753307420219,0.5451945277232159,1.1666924387487723,0.5467328370554178,1.1631086287689627,0.5507962657880285,0.020942408376963352,0.021482277121374866,0.022532188841201718
120000,1.16850643393921,0.5456425100796031,1.168458751913007,0.5439757375241246,1.1629007707121344,0.5447556287753982,0.02053966975432944,0.018259935553168637,0.02467811158798283
121000,1.1678223988679495,0.5460560322547297,1.1678240291994073,0.5470085470085471,1.1644845299508662,0.543108182317408,0.02174788562223117,0.023630504833512353,0.027896995708154508
122000,1.1664078511764215,0.5457803508046453,1.1669231884927174,0.5459057071960298,1.1611518419947617,0.542559033498078,0.020271177339240165,0.021482277121374866,0.022532188841201718
123000,1.1682560100205093,0.5452979082669975,1.1691591290688759,0.5428728977116074,1.1622722569171837,0.5444810543657331,0.021613639414686536,0.01611170784103115,0.017167381974248927
124000,1.1674471101629738,0.5452979082669975,1.1678369657244603,0.543424317617866,1.163116429940087,0.5485996705107083,0.02013693113169553,0.022556390977443608,0.022532188841201718
125000,1.1671677253581436,0.5450911471794342,1.1675457571832675,0.5489385166804521,1.1630749605567425,0.5450302031850631,0.020942408376963352,0.017185821697099892,0.02145922746781116
126000,1.1667007051397764,0.5459181915296875,1.1662413389649244,0.5450785773366419,1.16175214672141,0.5436573311367381,0.020942408376963352,0.02685284640171858,0.02145922746781116
127000,1.1672260722563874,0.5460560322547297,1.1678022201113178,0.5412186379928315,1.164193368625798,0.5444810543657331,0.020673915961874078,0.01933404940923738,0.019313304721030045
128000,1.166470892075491,0.5460215720734691,1.1669662303098938,0.5475599669148056,1.1623283440696217,0.5398132894014278,0.020405423546784804,0.024704618689581095,0.02145922746781116
129000,1.166815022226985,0.5449877666356525,1.1661409178745132,0.5472842569616763,1.1612054781884953,0.5483250961010434,0.021210900792052626,0.02040816326530612,0.019313304721030045
130000,1.1693803428424587,0.5451600675419552,1.171867208635968,0.5395643782740557,1.1704128166923544,0.5499725425590335,0.020002684924150894,0.01611170784103115,0.02145922746781116
131000,1.1663598981747074,0.5455046693545608,1.1674011752136753,0.5425971877584781,1.161441553692972,0.5472267984623833,0.020405423546784804,0.01933404940923738,0.02467811158798283
132000,1.1670957999306826,0.5457803508046453,1.1681974383139366,0.5470085470085471,1.1620040131034202,0.5409115870400879,0.020808162169418713,0.02040816326530612,0.02145922746781116
133000,1.1671525396581497,0.5450911471794342,1.1687135572830507,0.5464571271022884,1.1625820413387327,0.5453047775947282,0.020942408376963352,0.018259935553168637,0.0203862660944206
134000,1.1665005657114937,0.5451945277232159,1.1663792528394894,0.543424317617866,1.161172258271286,0.5491488193300385,0.020405423546784804,0.022556390977443608,0.0203862660944206
135000,1.166156724235529,0.5460215720734691,1.1671002653304428,0.5472842569616763,1.1614764704277463,0.543108182317408,0.021613639414686536,0.022556390977443608,0.027896995708154508
136000,1.1679976714495817,0.545332368448258,1.168843036122581,0.5439757375241246,1.1619987005980574,0.5485996705107083,0.020405423546784804,0.02040816326530612,0.02575107296137339
137000,1.165863364169811,0.5465040146111169,1.1678853967086587,0.5384615384615384,1.1622507680843717,0.5447556287753982,0.021613639414686536,0.017185821697099892,0.0203862660944206
138000,1.1675472403464884,0.544333023191702,1.167264170051114,0.544251447477254,1.1637523049904972,0.5494233937397035,0.01973419250906162,0.017185821697099892,0.02145922746781116
139000,1.1667188351724267,0.5456425100796031,1.1667817112891379,0.5464571271022884,1.16275440029624,0.541735310269083,0.020942408376963352,0.022556390977443608,0.02145922746781116
140000,1.1667812182698796,0.5455391295358214,1.166973399037923,0.5475599669148056,1.1616503376675333,0.541735310269083,0.021076654584507987,0.023630504833512353,0.02467811158798283
141000,1.1675510081142622,0.5455391295358214,1.1673035307432753,0.5423214778053488,1.1620154592900536,0.5499725425590335,0.02013693113169553,0.02040816326530612,0.02575107296137339
142000,1.1672226207697267,0.5468141562424619,1.166627449012506,0.543424317617866,1.1643929059920501,0.542559033498078,0.02228487045240972,0.021482277121374866,0.022532188841201718
143000,1.1671061664845392,0.545022226816913,1.1682049183599674,0.5381858285084091,1.1607077450362095,0.5502471169686985,0.020271177339240165,0.017185821697099892,0.02467811158798283
144000,1.1673419649651346,0.544953306454392,1.166975321636931,0.5461814171491591,1.1617575723479436,0.5491488193300385,0.020271177339240165,0.02040816326530612,0.02467811158798283
145000,1.1668037891207188,0.5451256073606947,1.1668716906055066,0.544251447477254,1.1622833511712851,0.5444810543657331,0.020808162169418713,0.02040816326530612,0.019313304721030045
146000,1.167267886827986,0.5457114304421241,1.1670589694182736,0.5390129583677971,1.1624854400483937,0.5518945634266886,0.020673915961874078,0.01611170784103115,0.023605150214592276
147000,1.1676077704520167,0.5461249526172508,1.1676761152858013,0.5470085470085471,1.1627248128255208,0.5436573311367381,0.02188213182977581,0.022556390977443608,0.02575107296137339
148000,1.1660810686364698,0.5462283331610325,1.1664998170459833,0.5497656465398401,1.1630582856582063,0.5400878638110929,0.021210900792052626,0.02577873254564984,0.017167381974248927
149000,1.1672683653247657,0.5455391295358214,1.166517608449056,0.5461814171491591,1.1613058543742063,0.5477759472817133,0.020405423546784804,0.021482277121374866,0.023605150214592276
150000,1.1669655893889026,0.5453668286295186,1.1675093876681184,0.5428728977116074,1.1624849540463258,0.5485996705107083,0.020002684924150894,0.023630504833512353,0.022532188841201718
151000,1.167406258894782,0.544953306454392,1.1680115898811754,0.5431486076647367,1.161965518387905,0.5477759472817133,0.020271177339240165,0.023630504833512353,0.022532188841201718
152000,1.168146376154803,0.545022226816913,1.1682048804969671,0.5448028673835126,1.1627627796422382,0.5461285008237232,0.02053966975432944,0.018259935553168637,0.023605150214592276
153000,1.1683794332695079,0.5461249526172508,1.1690155020882875,0.5401157981803143,1.1645892340687851,0.542559033498078,0.020808162169418713,0.02040816326530612,0.019313304721030045
154000,1.1730508290660255,0.546331713704814,1.1713534287588636,0.5464571271022884,1.1683984009660515,0.543931905546403,0.021076654584507987,0.02040816326530612,0.02575107296137339
155000,1.166972527066386,0.5439195010165754,1.16633054840029,0.5486628067273228,1.1605062804203776,0.5538165842943438,0.020405423546784804,0.02040816326530612,0.022532188841201718
156000,1.1673007106554245,0.5461594127985113,1.1659551619957524,0.5497656465398401,1.1644060029098453,0.5400878638110929,0.021076654584507987,0.02577873254564984,0.018240343347639486
157000,1.1668808928298122,0.5459181915296875,1.1670133781590868,0.543424317617866,1.1616030278800282,0.5436573311367381,0.020673915961874078,0.02040816326530612,0.0203862660944206
158000,1.166780709275503,0.5459871118922085,1.1677999188823085,0.543424317617866,1.161721696178053,0.5455793520043932,0.020942408376963352,0.022556390977443608,0.018240343347639486
159000,1.1673225232729054,0.5457803508046453,1.16735350990348,0.5459057071960298,1.1612232591607032,0.542559033498078,0.020271177339240165,0.021482277121374866,0.022532188841201718
160000,1.1678224112247344,0.5456080498983424,1.1689501253080197,0.5450785773366419,1.1614144842157255,0.5494233937397035,0.020405423546784804,0.023630504833512353,0.019313304721030045
161000,1.1674882356466278,0.5447465453668286,1.1661790332946693,0.5464571271022884,1.1613081586943559,0.5496979681493684,0.020673915961874078,0.02040816326530612,0.0203862660944206
162000,1.1670390141939098,0.5455046693545608,1.1677171040869692,0.5401157981803143,1.1621893055814756,0.5453047775947282,0.020808162169418713,0.01933404940923738,0.0203862660944206
163000,1.1678383236088485,0.5461249526172508,1.1691532140268515,0.5448028673835126,1.1631988617563431,0.5464030752333883,0.021479393207141897,0.01611170784103115,0.0203862660944206
164000,1.1678380972430644,0.545332368448258,1.1677800113582268,0.5467328370554178,1.1638077762610044,0.5466776496430533,0.02053966975432944,0.017185821697099892,0.02467811158798283
165000,1.1676455585520882,0.5451256073606947,1.167888673961672,0.5412186379928315,1.1620982556078605,0.5475013728720484,0.020942408376963352,0.021482277121374866,0.017167381974248927
166000,1.16771436375989,0.5457114304421241,1.1666602888546405,0.5431486076647367,1.162964633897659,0.5447556287753982,0.02174788562223117,0.01611170784103115,0.017167381974248927
167000,1.167060013892686,0.5464695544298563,1.1675138302601367,0.5475599669148056,1.163448021609596,0.5395387149917628,0.020808162169418713,0.02040816326530612,0.017167381974248927
168000,1.166897929418448,0.5449877666356525,1.166488247795936,0.5453542872897712,1.161687106237773,0.5483250961010434,0.020673915961874078,0.022556390977443608,0.0203862660944206
169000,1.1679352131597778,0.5450566869981736,1.1680075132981589,0.544251447477254,1.1645373910550951,0.5507962657880285,0.020002684924150894,0.021482277121374866,0.023605150214592276
170000,1.166447900568142,0.5454357489920397,1.16661378046945,0.5461814171491591,1.162614289251806,0.5450302031850631,0.020405423546784804,0.022556390977443608,0.02145922746781116
171000,1.1667996051659109,0.545952651710948,1.1665013820499897,0.5472842569616763,1.1630412588271382,0.5400878638110929,0.020808162169418713,0.021482277121374866,0.02145922746781116
172000,1.1668174678187675,0.5460215720734691,1.1664023660975842,0.5467328370554178,1.1623381646631314,0.5453047775947282,0.020942408376963352,0.018259935553168637,0.023605150214592276
173000,1.1670851930767947,0.5454357489920397,1.1681308877806642,0.5370829886958919,1.1608388734217334,0.5502471169686985,0.020002684924150894,0.01611170784103115,0.02467811158798283
174000,1.167703044419039,0.5458492711671663,1.1704049143279784,0.539840088227185,1.1642488650343432,0.5466776496430533,0.020942408376963352,0.01933404940923738,0.019313304721030045
175000,1.1681185215952936,0.5464006340673352,1.1683660590816274,0.5445271574303833,1.16628604325405,0.542833607907743,0.020271177339240165,0.024704618689581095,0.02145922746781116
176000,1.1661064973224708,0.5457114304421241,1.1661613092035967,0.5464571271022884,1.1605244300838096,0.5485996705107083,0.02134514699959726,0.02040816326530612,0.019313304721030045
177000,1.1688070461231521,0.5455735897170819,1.1694306993339882,0.5431486076647367,1.1644752037387702,0.5403624382207578,0.02053966975432944,0.023630504833512353,0.019313304721030045
178000,1.1689049583952202,0.5446776250043075,1.1677195988379794,0.5453542872897712,1.163343254646582,0.5502471169686985,0.02053966975432944,0.022556390977443608,0.019313304721030045
179000,1.1670202045380862,0.5447465453668286,1.165962629420783,0.5464571271022884,1.1609421572405056,0.5496979681493684,0.020673915961874078,0.02040816326530612,0.0203862660944206
180000,1.1673145368461617,0.5455735897170819,1.1669841184739669,0.5475599669148056,1.1608144224901111,0.5422844590884129,0.021210900792052626,0.022556390977443608,0.022532188841201718
181000,1.1664589869704507,0.5451600675419552,1.165985338806876,0.5467328370554178,1.1609561675070146,0.5510708401976936,0.020808162169418713,0.02040816326530612,0.023605150214592276
182000,1.1677507095339543,0.5454702091733002,1.1690181272562983,0.539840088227185,1.1647756326205125,0.5505216913783635,0.020673915961874078,0.017185821697099892,0.02467811158798283
183000,1.1671223596568736,0.5454357489920397,1.1671440686146222,0.5423214778053488,1.1606712655534068,0.5464030752333883,0.021479393207141897,0.02040816326530612,0.023605150214592276
184000,1.1671340341895644,0.5459181915296875,1.1667347695829455,0.5453542872897712,1.1627522761320295,0.5420098846787479,0.021076654584507987,0.02040816326530612,0.02467811158798283
185000,1.1666048827418296,0.5449877666356525,1.1668304367633375,0.5450785773366419,1.1611864403143877,0.5485996705107083,0.02053966975432944,0.02040816326530612,0.019313304721030045
186000,1.1671895287737635,0.5451256073606947,1.1672595970420954,0.5417700578990902,1.161921137181826,0.5518945634266886,0.02053966975432944,0.017185821697099892,0.02467811158798283
187000,1.166706205749459,0.5455735897170819,1.166781509353137,0.5472842569616763,1.1623548479410137,0.5422844590884129,0.020942408376963352,0.021482277121374866,0.022532188841201718
188000,1.1660898514185682,0.5456769702608636,1.1666260691165005,0.5478356768679349,1.163190934895029,0.542559033498078,0.021613639414686536,0.021482277121374866,0.022532188841201718
189000,1.1680012938279494,0.5447465453668286,1.166692615442773,0.5448028673835126,1.1618294755159533,0.5436573311367381,0.020405423546784804,0.02040816326530612,0.023605150214592276
190000,1.1663104799737887,0.5460215720734691,1.1672055076428738,0.5414943479459609,1.1610968064502463,0.5496979681493684,0.02134514699959726,0.01933404940923738,0.019313304721030045
191000,1.166107304982969,0.5460560322547297,1.1664803891199036,0.5401157981803143,1.1615563926298758,0.5455793520043932,0.021210900792052626,0.017185821697099892,0.0203862660944206
192000,1.1668407135603942,0.5459181915296875,1.167588630720443,0.543424317617866,1.1614420857814431,0.5450302031850631,0.021076654584507987,0.015037593984962405,0.019313304721030045
193000,1.1671112411795062,0.5450911471794342,1.1681876402108966,0.5467328370554178,1.1627738026718986,0.5461285008237232,0.020405423546784804,0.021482277121374866,0.02145922746781116
194000,1.166483231245467,0.5461249526172508,1.1680242150882272,0.5450785773366419,1.1639909948509255,0.5406370126304229,0.022150624244865084,0.013963480128893663,0.018240343347639486
195000,1.1667590149676652,0.5448499259106103,1.1659734329968272,0.5420457678522195,1.1617724666354552,0.5507962657880285,0.020405423546784804,0.021482277121374866,0.02467811158798283
196000,1.1666441930926452,0.5450911471794342,1.1665577810922207,0.5461814171491591,1.1615485286136567,0.5475013728720484,0.020002684924150894,0.021482277121374866,0.02467811158798283
197000,1.1662641751568612,0.545332368448258,1.1677241886749983,0.5445271574303833,1.162497615238129,0.5488742449203734,0.020271177339240165,0.02040816326530612,0.023605150214592276
198000,1.1672429355871234,0.545332368448258,1.1686517017617974,0.543424317617866,1.1630359337527565,0.5480505216913784,0.020405423546784804,0.023630504833512353,0.022532188841201718
199000,1.1697568772165232,0.5460904924359902,1.171355717366873,0.5450785773366419,1.167420095562084,0.5409115870400879,0.022016378037320445,0.013963480128893663,0.018240343347639486
200000,1.1684588119415869,0.5457458906233846,1.1692299244651658,0.5403915081334436,1.160679590433656,0.5499725425590335,0.020673915961874078,0.017185821697099892,0.02467811158798283
201000,1.1670944790692426,0.545952651710948,1.1662391344969154,0.5431486076647367,1.1636560933397473,0.5450302031850631,0.02174788562223117,0.02040816326530612,0.02145922746781116
202000,1.1669516767006705,0.545952651710948,1.1659938032909105,0.5472842569616763,1.1616269886199095,0.5400878638110929,0.020808162169418713,0.021482277121374866,0.02145922746781116
203000,1.1674112013458586,0.5454357489920397,1.1668683586614927,0.5437000275709953,1.1618511235563391,0.5480505216913784,0.020271177339240165,0.01933404940923738,0.022532188841201718
204000,1.1682830177458827,0.5451600675419552,1.167499030034076,0.5489385166804521,1.1621061782795017,0.5491488193300385,0.020673915961874078,0.017185821697099892,0.02145922746781116
205000,1.1675193237401438,0.5455046693545608,1.1670536349422518,0.5472842569616763,1.1639454991918288,0.5395387149917628,0.020405423546784804,0.021482277121374866,0.02145922746781116
206000,1.1686923562291118,0.5454012888107791,1.167231203998979,0.5450785773366419,1.1642000008781554,0.541735310269083,0.020673915961874078,0.01933404940923738,0.02145922746781116
207000,1.1669561440728018,0.545022226816913,1.1668255566433174,0.5409429280397022,1.1619021286354296,0.5477759472817133,0.020405423546784804,0.017185821697099892,0.027896995708154508
208000,1.1674843608743544,0.5448843860918708,1.1668400623793769,0.5464571271022884,1.1637698429616712,0.5455793520043932,0.021076654584507987,0.017185821697099892,0.02145922746781116
209000,1.167356291474208,0.5450911471794342,1.1664104940216173,0.5431486076647367,1.1625679556581099,0.5488742449203734,0.020002684924150894,0.023630504833512353,0.022532188841201718
210000,1.167655443191331,0.5446087046417865,1.1668897512565803,0.5459057071960298,1.1626384804237027,0.5469522240527183,0.02013693113169553,0.021482277121374866,0.023605150214592276
211000,1.1671442782272128,0.5460215720734691,1.1676702885907775,0.5459057071960298,1.162858656119148,0.5461285008237232,0.021210900792052626,0.01933404940923738,0.019313304721030045
212000,1.1673676904768853,0.5455391295358214,1.1676314706016184,0.5448028673835126,1.16288992364874,0.5444810543657331,0.022150624244865084,0.021482277121374866,0.016094420600858368
213000,1.1666835247391962,0.5452634480857369,1.166675783235704,0.5439757375241246,1.161454985784607,0.5488742449203734,0.019868438716606256,0.02040816326530612,0.02682403433476395
214000,1.1683793554480537,0.5464350942485957,1.166935519209768,0.5459057071960298,1.1632696295229699,0.543382756727073,0.02188213182977581,0.023630504833512353,0.02682403433476395
215000,1.1682897503533178,0.5450566869981736,1.1672261345639583,0.543424317617866,1.1644175496486306,0.5458539264140582,0.021210900792052626,0.017185821697099892,0.019313304721030045
216000,1.1686588330602263,0.5452634480857369,1.169771979589386,0.539840088227185,1.1617723241865734,0.5475013728720484,0.020808162169418713,0.02040816326530612,0.0203862660944206
217000,1.167289022451397,0.5449877666356525,1.1684788992360895,0.5387372484146677,1.162497087339331,0.5502471169686985,0.02053966975432944,0.018259935553168637,0.02467811158798283
218000,1.1683351160545878,0.5449188462731314,1.167261241979102,0.5417700578990902,1.162872188762935,0.5485996705107083,0.019868438716606256,0.02040816326530612,0.02682403433476395
219000,1.1666275290479304,0.544022881560357,1.166717764888876,0.5414943479459609,1.1613210838355579,0.5483250961010434,0.019331453886427707,0.021482277121374866,0.02575107296137339
220000,1.1674221965182867,0.5452979082669975,1.1663486763633641,0.5478356768679349,1.1630304243327627,0.5472267984623833,0.020405423546784804,0.018259935553168637,0.019313304721030045
221000,1.166970820778419,0.5448843860918708,1.167948716265918,0.5370829886958919,1.1611408608618312,0.5502471169686985,0.020002684924150894,0.018259935553168637,0.023605150214592276
222000,1.1664554326858554,0.5461249526172508,1.1658831970534576,0.5470085470085471,1.1631680299527432,0.5436573311367381,0.02188213182977581,0.022556390977443608,0.02575107296137339
223000,1.167839961014312,0.5456769702608636,1.1678314293124374,0.5459057071960298,1.1640029689363567,0.5387149917627677,0.020808162169418713,0.018259935553168637,0.02145922746781116
224000,1.1676287722540755,0.5451256073606947,1.1679944379421052,0.5445271574303833,1.1629568117781697,0.5485996705107083,0.020942408376963352,0.021482277121374866,0.017167381974248927
225000,1.167268372160434,0.5454357489920397,1.166956819250855,0.5453542872897712,1.16242808761471,0.5455793520043932,0.02188213182977581,0.01933404940923738,0.0203862660944206
226000,1.1677309297390557,0.545022226816913,1.168338604199515,0.5417700578990902,1.162576012399287,0.5494233937397035,0.020808162169418713,0.017185821697099892,0.02145922746781116
227000,1.1667818581935947,0.5456425100796031,1.1663401361533292,0.5453542872897712,1.1623140824227332,0.5420098846787479,0.020808162169418713,0.023630504833512353,0.018240343347639486
228000,1.1674773274975152,0.5459871118922085,1.1684231733138613,0.543424317617866,1.1623438668080832,0.5447556287753982,0.021076654584507987,0.01933404940923738,0.017167381974248927
229000,1.1667525060969113,0.5451256073606947,1.166610595770437,0.5412186379928315,1.1608260907294135,0.5521691378363537,0.020673915961874078,0.018259935553168637,0.022532188841201718
230000,1.1679504422399745,0.5454012888107791,1.167564225913343,0.5431486076647367,1.1640483891813391,0.543382756727073,0.020673915961874078,0.02040816326530612,0.0203862660944206
231000,1.1671149750318488,0.5462283331610325,1.1673116292183083,0.5453542872897712,1.161638841204824,0.543382756727073,0.019331453886427707,0.023630504833512353,0.023605150214592276
232000,1.1696955867743541,0.5454702091733002,1.169591537151647,0.5461814171491591,1.1652562048721942,0.5491488193300385,0.020405423546784804,0.018259935553168637,0.02467811158798283
233000,1.168281807569687,0.5438161204727937,1.168145014886722,0.5437000275709953,1.1609850175952858,0.5543657331136738,0.01973419250906162,0.02040816326530612,0.027896995708154508
234000,1.1688286418396205,0.5456425100796031,1.1684494670639691,0.5475599669148056,1.1627774016010048,0.5422844590884129,0.021210900792052626,0.022556390977443608,0.022532188841201718
235000,1.169277759705673,0.5449877666356525,1.168454355597989,0.5475599669148056,1.1632291740404912,0.5420098846787479,0.020405423546784804,0.021482277121374866,0.02145922746781116
236000,1.1675048610435257,0.5451945277232159,1.167905796451742,0.5414943479459609,1.1616012053722735,0.5477759472817133,0.021076654584507987,0.021482277121374866,0.017167381974248927
237000,1.166820480771017,0.5452289879044764,1.1670340219081714,0.5445271574303833,1.161133562451467,0.5527182866556837,0.020271177339240165,0.022556390977443608,0.02145922746781116
238000,1.166866829756878,0.5457114304421241,1.1664039605505907,0.5437000275709953,1.1620271610467399,0.5469522240527183,0.021479393207141897,0.022556390977443608,0.02145922746781116
239000,1.1669791429416396,0.5455735897170819,1.167333715968399,0.5409429280397022,1.162553740097624,0.5442064799560681,0.020942408376963352,0.01933404940923738,0.019313304721030045
240000,1.166702378301043,0.5462972535235535,1.1672055286778737,0.5445271574303833,1.1614413777267063,0.542559033498078,0.020271177339240165,0.024704618689581095,0.02145922746781116
241000,1.1677051466499453,0.5448154657293497,1.1671097731504816,0.5428728977116074,1.1625644824191936,0.5483250961010434,0.020002684924150894,0.023630504833512353,0.022532188841201718
242000,1.1675585591615185,0.5457458906233846,1.1688269527615152,0.5409429280397022,1.1635425783395112,0.5442064799560681,0.020942408376963352,0.01933404940923738,0.019313304721030045
243000,1.1678984359498807,0.5446776250043075,1.1677540499611205,0.5423214778053488,1.1620203905351734,0.5510708401976936,0.019062961471338433,0.02577873254564984,0.027896995708154508
244000,1.1683092488341758,0.545022226816913,1.1672749904551583,0.5475599669148056,1.1639488760682661,0.5420098846787479,0.020405423546784804,0.021482277121374866,0.02145922746781116
245000,1.1686260744345467,0.5456425100796031,1.1682976448473472,0.5461814171491591,1.1624763149406019,0.5483250961010434,0.021076654584507987,0.018259935553168637,0.023605150214592276
246000,1.1674014221336533,0.5457803508046453,1.168953364698033,0.5461814171491591,1.1626921585141663,0.5458539264140582,0.021076654584507987,0.01933404940923738,0.018240343347639486
247000,1.1692104530866867,0.5451256073606947,1.1696962535890758,0.543424317617866,1.1638077804506775,0.5461285008237232,0.02134514699959726,0.017185821697099892,0.019313304721030045
248000,1.167909700342475,0.5448843860918708,1.1674369599558219,0.5453542872897712,1.1615019352602343,0.5461285008237232,0.020942408376963352,0.023630504833512353,0.0203862660944206
249000,1.1677640643264906,0.5447120851855681,1.1668992127996192,0.5453542872897712,1.1610337728199758,0.5480505216913784,0.020271177339240165,0.01933404940923738,0.023605150214592276
250000,1.1686077056793274,0.5448154657293497,1.1675007380760831,0.5450785773366419,1.1613386930311729,0.5505216913783635,0.020808162169418713,0.022556390977443608,0.019313304721030045
251000,1.1670895460829374,0.5450911471794342,1.1664970909099721,0.5445271574303833,1.1619344561522902,0.5485996705107083,0.020271177339240165,0.017185821697099892,0.02575107296137339
252000,1.1676756602060894,0.545952651710948,1.1680265036962365,0.5448028673835126,1.1633055685379556,0.5450302031850631,0.021076654584507987,0.017185821697099892,0.0203862660944206
253000,1.1677338882688693,0.5458148109859058,1.1662306237358806,0.5450785773366419,1.1620187900800878,0.5436573311367381,0.021076654584507987,0.02685284640171858,0.02145922746781116
254000,1.1681900466103396,0.5451945277232159,1.1692709343013337,0.5445271574303833,1.1618537798090207,0.5485996705107083,0.020942408376963352,0.021482277121374866,0.017167381974248927
255000,1.1678080965466255,0.5454012888107791,1.1667945258111905,0.5472842569616763,1.163782776482219,0.5398132894014278,0.020405423546784804,0.021482277121374866,0.02145922746781116
256000,1.1678747845376325,0.5462283331610325,1.168517843435249,0.5406672180865729,1.163648099443665,0.5420098846787479,0.02174788562223117,0.015037593984962405,0.019313304721030045
257000,1.1672103389142001,0.5464006340673352,1.167517288414151,0.539840088227185,1.1628878246225673,0.5420098846787479,0.020808162169418713,0.018259935553168637,0.0203862660944206
258000,1.1672537128068976,0.545332368448258,1.1668719514395076,0.543424317617866,1.1622023145161378,0.5480505216913784,0.020405423546784804,0.023630504833512353,0.022532188841201718
259000,1.1675190897499603,0.5452634480857369,1.1677113278759457,0.539840088227185,1.161830573210279,0.5466776496430533,0.020942408376963352,0.021482277121374866,0.017167381974248927
260000,1.1682809312895956,0.5454702091733002,1.166702855280815,0.5489385166804521,1.1653534136651178,0.5373421197144426,0.02013693113169553,0.024704618689581095,0.016094420600858368
261000,1.1671885152544856,0.5451256073606947,1.1675135778401355,0.5428728977116074,1.1639373586571917,0.5436573311367381,0.021479393207141897,0.015037593984962405,0.018240343347639486
262000,1.1673612631083299,0.5458148109859058,1.16798829572208,0.543424317617866,1.1625600497451607,0.5472267984623833,0.020673915961874078,0.017185821697099892,0.023605150214592276
263000,1.1668207644512505,0.5455735897170819,1.1670243289801316,0.5409429280397022,1.1613134460616805,0.5442064799560681,0.020942408376963352,0.01933404940923738,0.019313304721030045
264000,1.167764650879411,0.5464695544298563,1.1674703298799585,0.5445271574303833,1.164651266367209,0.543931905546403,0.020002684924150894,0.024704618689581095,0.02145922746781116
265000,1.1685726665695455,0.5439195010165754,1.1669480602768192,0.5459057071960298,1.163569811214005,0.5527182866556837,0.019062961471338433,0.021482277121374866,0.03111587982832618
266000,1.1685784776763144,0.5454357489920397,1.167800061920309,0.5448028673835126,1.1628017477908021,0.5400878638110929,0.020271177339240165,0.02040816326530612,0.022532188841201718
267000,1.1671275552905869,0.5452634480857369,1.1659671014618012,0.5445271574303833,1.161620938732099,0.5496979681493684,0.02013693113169553,0.024704618689581095,0.02145922746781116
268000,1.1672926322100694,0.5451945277232159,1.1673065934392879,0.5437000275709953,1.1618708778645297,0.5458539264140582,0.020673915961874078,0.01611170784103115,0.02575107296137339
269000,1.1675224402790587,0.5445053240980048,1.166543729712163,0.5453542872897712,1.163343510216635,0.5483250961010434,0.020271177339240165,0.01933404940923738,0.023605150214592276
270000,1.167622012041057,0.5451256073606947,1.1666495862465966,0.5467328370554178,1.162266655324384,0.5469522240527183,0.021210900792052626,0.018259935553168637,0.0203862660944206
271000,1.1667241375477293,0.5464006340673352,1.1681865505978921,0.5464571271022884,1.1616657472848237,0.5461285008237232,0.020942408376963352,0.018259935553168637,0.0203862660944206
272000,1.1634896102658663,0.5461594127985113,1.1648084978640556,0.544251447477254,1.1581361321287453,0.5516199890170236,0.021210900792052626,0.02040816326530612,0.0203862660944206
273000,1.1649601415547854,0.5450566869981736,1.1661274091974578,0.5420457678522195,1.155700419644351,0.5485996705107083,0.02053966975432944,0.018259935553168637,0.023605150214592276
274000,1.1626994135854756,0.5447120851855681,1.167273913463154,0.5406672180865729,1.155831124872902,0.5535420098846787,0.020673915961874078,0.018259935553168637,0.022532188841201718
275000,1.162413491515577,0.5451600675419552,1.163281756522802,0.5420457678522195,1.1556819850831552,0.5491488193300385,0.021076654584507987,0.015037593984962405,0.022532188841201718
276000,1.1620446669866011,0.5454702091733002,1.1622595438656151,0.5483870967741935,1.157561903926843,0.542833607907743,0.020808162169418713,0.022556390977443608,0.023605150214592276
277000,1.1610821956909394,0.546262793342293,1.1618110986987782,0.5456299972429005,1.1568752081429545,0.5392641405820977,0.021479393207141897,0.018259935553168637,0.018240343347639486
278000,1.1607853202513534,0.5459871118922085,1.162340591720947,0.5412186379928315,1.1566219005134326,0.5455793520043932,0.022016378037320445,0.017185821697099892,0.022532188841201718
279000,1.1644642217083931,0.5451600675419552,1.166973659871924,0.539840088227185,1.1571497322765436,0.5483250961010434,0.020405423546784804,0.021482277121374866,0.022532188841201718
280000,1.1608670099051315,0.5460904924359902,1.163480436305616,0.5387372484146677,1.1562852938053438,0.5472267984623833,0.020942408376963352,0.01611170784103115,0.023605150214592276
281000,1.1621662361920342,0.5458148109859058,1.1631580959642955,0.5448028673835126,1.1592693632608715,0.5403624382207578,0.022150624244865084,0.013963480128893663,0.018240343347639486
282000,1.1630095899209825,0.5450566869981736,1.1637784980498367,0.5423214778053488,1.156616579628724,0.5488742449203734,0.02013693113169553,0.024704618689581095,0.0203862660944206
283000,1.1619015654260867,0.5454357489920397,1.1647662048928824,0.5409429280397022,1.1582255942162938,0.5485996705107083,0.020942408376963352,0.015037593984962405,0.02467811158798283
284000,1.1618853688359183,0.5455046693545608,1.1647615982278634,0.5392886683209264,1.1559989045178216,0.5464030752333883,0.02053966975432944,0.017185821697099892,0.02467811158798283
285000,1.1620974315100532,0.5455735897170819,1.1646707312344913,0.5412186379928315,1.1567029664962911,0.5458539264140582,0.020942408376963352,0.021482277121374866,0.017167381974248927
286000,1.16348870506564,0.545332368448258,1.165067114776115,0.5406672180865729,1.1555370265870615,0.5472267984623833,0.021076654584507987,0.01611170784103115,0.02145922746781116
287000,1.1623756053499565,0.5447810055480892,1.1606773374361343,0.5459057071960298,1.1555445931364978,0.5480505216913784,0.020405423546784804,0.022556390977443608,0.0203862660944206
288000,1.1613663912287766,0.5453668286295186,1.1622671795706463,0.5406672180865729,1.1544041599564865,0.5494233937397035,0.020942408376963352,0.02040816326530612,0.019313304721030045
289000,1.1606113950851031,0.5457114304421241,1.1629111955472842,0.5403915081334436,1.1555036013758753,0.5472267984623833,0.020808162169418713,0.015037593984962405,0.02682403433476395
290000,1.160786304061765,0.5459871118922085,1.1625987332420045,0.544251447477254,1.1574068357498026,0.5378912685337727,0.02053966975432944,0.022556390977443608,0.019313304721030045
291000,1.1608515436798277,0.5458837313484269,1.1636239623182036,0.5425971877584781,1.1578526420949384,0.5458539264140582,0.02134514699959726,0.01611170784103115,0.022532188841201718
292000,1.1617328022410291,0.5447810055480892,1.163342787472052,0.5448028673835126,1.1554160707275793,0.5466776496430533,0.020405423546784804,0.02040816326530612,0.022532188841201718
293000,1.1635676360014464,0.5452634480857369,1.1630669807579224,0.5439757375241246,1.1554413512144555,0.5455793520043932,0.01959994630151698,0.022556390977443608,0.027896995708154508
294000,1.1611186821220243,0.5462283331610325,1.164032992101879,0.5390129583677971,1.1589012083150998,0.543931905546403,0.02174788562223117,0.02040816326530612,0.022532188841201718
295000,1.1614054113266006,0.5454702091733002,1.164051999327957,0.5439757375241246,1.158294786665873,0.5420098846787479,0.020002684924150894,0.024704618689581095,0.02145922746781116
296000,1.1606541479836285,0.545952651710948,1.1623472976789746,0.5406672180865729,1.156524649823779,0.5469522240527183,0.021613639414686536,0.01611170784103115,0.018240343347639486
297000,1.1608387520411936,0.5456425100796031,1.1634808654196176,0.5428728977116074,1.15659891596736,0.5466776496430533,0.020002684924150894,0.023630504833512353,0.022532188841201718
298000,1.1609215301436902,0.5456769702608636,1.1622904442807416,0.5472842569616763,1.1566687284885429,0.5403624382207578,0.020271177339240165,0.024704618689581095,0.02145922746781116
299000,1.1635088784372853,0.5455735897170819,1.1667300577429263,0.5459057071960298,1.1594728808164727,0.5409115870400879,0.02013693113169553,0.021482277121374866,0.022532188841201718
300000,1.161260403403367,0.5458148109859058,1.1631585124572972,0.5403915081334436,1.155539138182253,0.5480505216913784,0.021210900792052626,0.01611170784103115,0.02145922746781116
